,GSM997604,GSM997618,GSM997606
8813,11.38615388,11.33341165,10.22142714
2519,6.745405445,6.318156418,6.834728851
2729,7.864433248,8.351691637,5.596137645
51056,10.41259648,8.199677602,8.307508214
9957,5.774469981,6.348732969,3.204646183
26,5.131491325,4.693824396,5.343147962
6542,7.022046694,8.978780964,6.622849618
204,7.140300889,6.308607514,4.350893833
952,5.436331946,5.756544306,5.98159141
4706,11.05543128,10.80974226,11.44160699
10165,8.074911407,6.033283406,7.321691196
6521,5.841733966,5.830107386,6.036950042
292,11.42131066,10.62946149,11.12809082
4353,4.255241718,4.336340908,5.093875647
54677,8.203983682,8.595828549,7.603998401
5244,4.715497146,5.193091861,5.432940907
6833,4.918927709,4.694268062,6.131055004
221,6.191007416,6.110255452,6.983191217
79017,11.65960658,9.665172807,9.817146008
8228,7.318645801,6.91106064,7.546314582
151531,3.878748539,4.415263928,4.11705481
5048,9.760066442,9.874659484,8.422747603
4843,4.060834888,4.374543422,4.758757484
9058,5.344901187,5.247711697,5.705709844
8277,3.86701676,3.680057528,5.621059355
9091,5.369192805,5.23370868,5.469907496
65220,8.988610564,8.787512426,9.270902129
10157,5.204775017,5.464656764,5.407540093
6482,5.294152919,5.557737667,5.33326498
7384,9.398314982,9.21838138,9.525627081
6540,5.210126204,4.925279456,5.717983464
3423,5.659438301,6.869618372,5.291080485
6534,5.614590695,6.147786587,5.828408145
5286,9.105781325,9.704948594,7.98169492
2137,6.374148278,6.133117726,6.105986936
60481,11.27062157,10.87676223,10.62844135
240,8.515565941,6.007279077,9.503696465
5238,6.915142035,5.120232381,4.855268084
112611,5.834253412,6.350266297,4.477179653
55,5.072541422,4.305590618,3.922568809
4190,10.26255427,9.933901303,10.08082001
1800,6.033479049,6.147786587,6.257676917
29881,5.413958275,5.490068133,6.071136695
64132,6.572223401,7.037601199,6.767550122
55349,7.698688849,8.897030462,7.64011784
92745,5.488136717,4.614670016,5.313352926
6556,5.286093939,5.375058168,6.168419321
8540,7.258683435,7.878758594,7.122188305
477,4.413307046,5.236847938,4.900652163
1591,3.856852377,2.861469658,2.786653255
64816,4.243890046,4.131547991,4.139800127
11136,5.208699422,5.771340556,4.308583275
1373,5.694333769,5.21922865,5.15457442
4719,7.591145651,8.267967634,7.621317503
211,7.48367217,6.369129824,7.460794843
51022,7.68420872,7.501707804,7.702865006
51071,10.76245593,9.269393624,8.832753347
1244,3.621392691,3.593246196,4.896790183
1890,5.164455368,4.548763545,5.415008859
56895,5.781383409,5.792952325,5.554929365
11285,7.535913584,7.482225379,7.967635901
56052,4.289969561,4.834031483,4.266896657
2530,7.686829252,5.787127909,6.179715869
535,7.311315295,7.848967742,8.099054386
9497,7.240879202,8.109322414,8.948203184
159,8.788651262,6.609477562,5.253039074
5009,3.359068561,3.472235879,3.466529004
10858,4.45031033,5.568405994,5.625369294
6570,3.606094575,3.671667725,4.374370254
175,9.013812825,6.805247032,7.265297533
27430,10.6451525,9.816979061,7.949793566
3631,9.525398433,10.02636871,8.554571214
56474,7.227130193,8.049849585,6.373412455
51606,8.695783054,8.534501786,7.799947962
1356,8.47446765,4.397414246,5.909768828
50484,9.417899088,9.380366751,7.773634959
2978,4.879218011,5.037692032,5.409504033
9563,7.355959502,7.755808281,7.061560439
3074,10.63640802,10.04915049,10.38038389
51528,9.71726009,9.087509067,8.876470327
9498,6.268794095,5.916004803,5.600408435
5291,8.284850781,8.197775144,6.497714689
6307,9.211852274,7.849011434,6.629582213
8574,8.086807192,7.079271423,7.590737709
954,4.746616487,5.505542478,5.478163164
2581,8.966121438,8.050305668,6.959354477
58508,9.791652771,10.39686821,8.707898283
8908,5.664244457,5.390150403,5.81976717
6646,9.613777181,9.842189088,9.835655796
493,8.865246122,10.6702396,9.059194367
1608,3.845203482,4.107750904,3.850500093
6916,5.177820141,3.758832281,5.952015088
5832,10.00558198,8.019445272,9.420540414
6515,8.839782015,8.604259565,9.804311526
55650,6.843560401,6.355564842,6.508066658
30,7.986338263,7.331226217,7.59207366
586,11.58677552,9.036433846,11.74461395
2983,9.661168989,8.890036521,7.597813481
84649,5.998441682,6.777263648,7.033443264
56848,5.608499082,6.086520669,6.933144766
8776,9.435051056,9.611013437,8.943651193
3029,6.784318049,6.414998592,7.488364137
10402,5.830733259,4.660901811,4.873267206
5476,9.725832153,7.527018434,9.585146376
6558,8.405281541,6.771862288,5.220496136
4942,12.32936897,12.24803424,10.97063874
1606,6.236684685,6.407860403,6.57270664
4710,8.904244825,9.216667915,9.213460461
4199,7.576469268,7.116874085,5.630358605
10797,10.63396009,9.527179915,10.75251248
84679,7.153439558,4.55384521,4.323321727
5141,7.001025675,6.992018743,8.028824994
6550,4.567574146,4.531241503,4.656615853
2235,7.487021665,7.217895464,6.644496814
5214,10.64688879,9.313557049,8.498595286
3422,9.810255845,9.714932971,8.84073261
8611,10.86379081,11.47160146,10.72514285
5315,7.853857264,5.847642595,7.232015423
3421,7.098570276,7.669953707,7.42533944
492,4.83141096,4.663185805,5.459748536
80347,8.213139784,7.672816482,8.334254991
2182,7.028015042,6.216958444,4.825177054
3632,9.53581969,11.09765026,8.936187825
51447,8.153967888,7.580887271,7.616586793
5837,5.144520943,5.753951249,5.200829105
10060,4.858727194,7.382003044,3.815316705
4129,8.394447877,10.89811784,6.297479283
483,11.50562146,12.27854923,11.7103274
9488,7.485752987,6.099284298,5.750809533
2984,3.159948305,3.415875781,3.456380059
55808,6.084612323,5.17644539,4.409570837
3340,4.911723914,5.019351801,6.206804745
1103,4.092445317,3.861811942,4.24140237
6559,4.904374867,5.367106338,5.586068399
490,8.174128163,7.918655145,7.178300215
11320,9.133816579,7.520902497,8.330129863
79901,11.4070799,11.53416812,11.06181908
51109,10.35433232,10.07180809,9.002620507
224,9.221364352,10.90717289,7.721790597
8974,9.635525215,8.162390404,8.80179906
37,10.45090238,9.885425415,9.376519632
949,7.39672302,7.455223129,7.544352
5151,6.712285676,7.727072142,5.995878769
8647,3.620803568,4.066247661,4.498423456
5743,4.017831474,6.98363458,5.36884472
6480,8.16712827,7.733004626,8.491483118
4905,8.609521691,7.714057955,7.49416061
771,8.288899258,9.861408087,6.211933646
11343,7.547256715,9.717724386,8.512225352
9187,6.77839947,6.735635021,6.184967915
2023,11.93102757,9.210519989,10.59558217
6557,3.350686256,3.282282554,3.471959765
38,8.717197126,9.631805548,7.813706018
5250,12.12213429,11.72580852,11.55540218
5337,6.311589738,7.024339137,5.43807413
113235,6.485022056,6.625133927,6.75320459
32,7.018296547,7.259443038,8.542975663
22978,9.370893712,9.297193279,8.252415275
8527,6.807954473,7.416269939,8.412645674
7299,3.766526848,4.064472076,3.897797868
56922,6.974863959,6.531247356,7.095870566
5289,8.989763109,7.52887224,7.188253445
8871,6.047076104,6.589041224,6.637833651
108,6.325532751,8.227512111,6.844743363
6507,9.576323021,5.942980538,7.286125818
2222,10.69056518,11.63816681,11.20739632
5050,6.652239221,5.325133937,7.257203096
5236,11.79146118,10.23665669,9.949150676
26002,11.11538714,4.866658398,9.766700655
1638,5.127522892,4.763670805,4.795377175
50700,4.315836968,4.2893405,4.251074857
1371,7.111453562,6.411723677,5.84393948
384,5.158577046,6.025146447,5.645165611
4036,3.756563324,4.166474304,3.773184844
65985,8.493034241,7.176110172,7.384650051
6561,2.609118146,2.490156324,2.565927358
4200,8.863345817,8.416446268,5.870500347
594,5.814062263,5.908764756,5.791195293
5351,8.672802946,6.645088949,8.111249958
5019,8.607148649,8.448135024,5.92285913
10998,7.291913505,6.485946725,6.428145395
3034,4.661345839,4.544070249,5.102540415
6579,4.211717625,4.531241503,3.807949319
338,4.146070303,4.150070217,3.822299662
3030,9.905222131,9.684616235,9.898688289
790,7.002274265,5.603930348,7.207592879
231,8.368668595,8.216227756,9.379821299
4258,9.322951759,8.848085338,8.91338829
2683,7.557197435,7.891940207,7.393907013
22929,9.964160359,9.494522122,9.088776145
80271,6.373975284,6.856775118,7.547432498
3294,3.312925189,3.118144044,3.100145689
8310,6.335619024,6.626513342,6.510775315
8898,8.594175834,8.006575018,8.02728164
43,4.541334931,4.212539808,5.224974053
94005,7.34457299,7.491782951,6.767283977
9489,7.916941576,7.6530274,7.96469148
6820,5.043856911,5.102342973,5.476278348
29929,7.70488273,6.856775118,5.804589456
1789,6.867734037,6.880159801,7.189929877
6564,3.700917783,4.467963653,4.117913993
23483,7.125883912,6.568485015,5.785810707
9962,5.538277567,5.726811684,5.758062007
4842,4.821432236,5.404134606,5.315320778
9843,10.676126,8.97554258,10.05924935
645,8.027396991,8.375104307,7.567231367
6548,7.856072446,7.670931546,7.975371919
10558,10.4060732,10.20171275,8.874943815
4708,12.32456095,11.70047695,11.98163132
6476,2.382181945,2.569868422,2.617637152
5172,3.45525404,3.198020406,3.064648251
1811,2.988366094,3.249740285,3.057930015
1738,9.960966792,8.820717665,7.519435236
2271,9.15532573,8.980211665,8.409993114
57084,3.077356341,3.251667372,3.088723619
23428,7.482844658,7.715299767,7.83219276
26227,6.954527811,6.381434875,7.390286194
1312,9.068253705,8.734266047,8.704044872
9942,4.347145923,4.408892804,4.829364585
5742,10.24521446,9.05628905,7.852734355
1384,6.660149582,6.885762895,7.2148319
54187,8.599794595,8.307262142,8.812709828
5146,2.432447721,2.786313663,2.61908091
11332,7.05151993,6.202383064,7.930070564
6319,7.685495885,7.762064126,8.894805656
80270,7.772398902,6.650057179,7.458581332
513,8.044444992,8.174512225,9.078534168
4713,6.820395385,6.891643525,7.285713973
4507,6.487534043,6.645088949,4.96085827
2687,6.361145599,5.92243029,6.365185219
51733,5.652698185,5.471823474,4.520328538
102724197,5.336486667,5.156826335,5.324926803
5625,5.247630529,4.745644041,6.185095292
6576,7.346345307,6.866014418,6.67291709
50487,6.435640795,6.805247032,6.572213265
23464,6.866084281,6.30407419,7.360615172
23539,4.832909052,5.209503925,4.991299003
6523,4.469947622,4.707590304,4.269221625
55586,5.087500901,5.151730129,5.105552851
3162,6.356586115,5.224366824,6.961610288
27349,6.056820503,5.78926894,5.716110502
410,5.171461673,4.876838628,5.782269711
80339,6.178571793,5.868092522,6.152184003
10478,7.146621274,7.130568689,6.140492301
50,8.29454469,7.748094556,8.203375572
5372,6.271824276,6.609928177,6.36887802
64781,9.237353655,9.348196347,8.910365786
5836,8.461080862,5.844880106,6.62181657
64841,8.657127991,7.501520317,7.307554933
51382,10.69862639,9.902214706,9.997477041
5283,5.6395875,6.369252895,5.825503657
2954,5.622612277,6.136722763,6.837628506
9517,7.538589266,6.506787999,7.362679292
6554,5.03274263,5.490012989,5.024082273
6547,5.901874223,5.930668746,6.648763056
4522,8.184196472,7.269094537,7.266617399
51527,9.973680921,7.847120565,8.918495642
5106,6.986522582,5.926945961,6.618032671
51292,8.791944479,6.197890295,5.905639531
2937,8.514797361,8.501467753,9.584756976
5834,7.439453987,7.467601563,6.87455554
28231,5.795758163,6.709379493,6.166616829
113278,5.677082594,6.135929999,5.732841268
8760,8.338431685,8.162892209,7.42737396
54363,3.478159113,3.86219343,3.49415858
5332,4.536712384,5.93525425,4.814063282
3420,8.810998902,8.471965172,8.950315635
140679,3.604868535,4.397414246,3.89013807
128869,6.855329215,6.42340145,7.065641961
10005,6.794341038,6.589041224,7.140414037
29906,5.582504025,5.385952326,5.047510063
9388,4.481471737,3.40398321,3.538393927
412,6.710597136,7.303161589,6.610555021
2986,3.56005959,3.736847265,4.009786524
23439,3.289009804,3.450899255,3.342208304
5634,9.059245621,8.571622594,7.314673119
6839,6.295077501,6.442805467,6.292628797
215,5.675145174,5.930668746,6.853680945
5973,4.530506486,4.663185805,5.681084175
9016,8.959997645,8.664012236,8.764208912
7355,9.202112133,7.949530082,7.66929502
5230,12.79465453,11.34399189,11.89545216
5251,3.6813421,3.251283872,4.104233069
9468,4.639224897,4.789598653,5.036952801
2717,8.420196882,8.73365759,9.49842198
54,6.107658307,5.663344166,7.235339916
10166,6.400630694,5.544044101,6.127257315
160851,8.963845651,9.510041783,8.362092945
1723,6.429398818,5.490707018,5.65310677
4832,8.384200793,8.868179818,8.331546593
3038,4.324261698,4.057858093,4.717584036
55512,4.34922552,4.850018005,4.364505949
9057,7.615470676,6.77747873,7.233919048
23417,6.860850801,6.987746359,6.402091248
4833,8.631475135,8.933013079,8.654169764
4363,8.101030802,7.436529698,9.114685641
84264,6.561729235,5.923922893,6.451484317
8140,7.427422493,8.061807736,8.06077827
343,3.830391787,3.9988986,4.312921326
3163,7.119381657,6.052035303,7.032836213
23475,8.011834022,9.309969558,9.482845332
64131,8.277483295,6.792873212,8.218358819
10423,12.09929229,12.13874006,11.55918899
6530,4.765137616,5.426750966,4.328123938
366,5.742542922,5.044706132,5.58223498
23205,4.019306882,3.352996589,4.151552156
2184,5.410633186,5.712379398,5.396601557
760,5.221629361,3.374244042,3.397088597
1666,9.20312512,8.087015502,8.085726029
7264,9.531773236,7.045190788,8.232377551
65263,6.2454009,4.673671513,5.941087609
6713,9.137293133,5.76854832,7.100988837
2936,8.071968683,7.938385619,8.102198431
7991,8.518972003,7.656612418,8.173263448
427,11.51979734,11.80049892,11.92141427
2997,6.953864476,6.552033966,7.427715994
1891,8.328200545,8.179430448,7.911582957
1158,4.893492369,5.142955285,5.056494046
84444,5.795758163,5.68105081,5.528576443
57030,6.625843044,5.959444012,5.951723062
6511,4.915378153,4.637309025,5.200657051
29124,4.728218299,4.941632747,4.914716381
1178,3.785511085,4.239459557,4.357107381
2821,8.91353549,7.225945222,6.406486404
6510,5.640923103,5.164783204,5.56267963
2109,9.102952372,8.807952658,8.051224346
6822,3.659192393,2.883241555,3.387696427
3036,4.589870783,5.222223354,7.415403237
587,7.457838308,6.839762374,7.053637827
2639,5.650823648,5.63705432,6.322168952
6528,5.90451033,5.703895852,6.434641738
51477,6.495254897,6.636541177,6.012821138
495,5.076243716,5.129389628,5.807305707
26330,3.412816886,3.228102777,3.388075577
10135,8.123108921,9.515702747,7.572269847
5294,6.900692256,4.956091491,5.197968966
50617,3.994009459,3.764015201,4.682683998
4967,5.249853798,5.429345517,5.728494982
11112,7.272161532,7.779463456,6.401758022
1577,4.774306881,4.822735822,5.347009231
3614,7.427401671,7.044613379,7.612547294
56913,7.015462911,6.683806009,7.426666904
8985,9.051718642,8.010668538,9.591323403
644,10.80663256,10.76157554,10.21208951
2645,4.468099412,4.251870814,5.120668415
6505,6.51401853,4.487728497,5.270952077
54981,8.537153889,7.942030533,7.648565759
203,5.781475587,7.078649164,5.800922269
768,7.297183831,7.358160584,7.298067723
7306,4.149728948,3.001399356,3.120446909
8395,4.696079876,4.947494708,4.152196866
5264,9.915269029,9.578409956,8.087785815
8029,4.828699922,4.394272859,4.634531197
1787,6.476649203,5.212190999,5.327104132
3988,9.172522827,9.029525364,8.999987355
64077,6.076352847,6.233876218,6.6885852
1562,3.641063119,3.540838904,2.947585563
443,3.964628294,5.444180405,4.297420586
55163,6.196599329,6.037734146,6.498202446
9487,5.155923745,5.173246442,5.235990258
2584,4.311726265,4.157858172,4.600772089
2027,5.29266131,5.659222854,5.600863284
8402,6.687402126,6.782520636,6.735567115
6532,4.883595818,4.743843182,5.341251712
218,4.939184353,5.641967383,5.128565785
4669,6.150876011,6.005722263,6.259032208
3292,4.00377774,4.501560888,4.567120918
239,4.502978731,4.218897081,4.55601267
8714,8.151817458,6.284433245,7.11995179
230,7.807334956,6.488672397,6.826511599
6783,2.695856234,3.039918822,2.72060845
4126,8.054450137,7.370004733,7.36231604
4717,10.13760544,10.22481671,9.92948466
7350,2.739235691,3.204845582,3.72105144
8821,5.456348856,7.796404699,4.522856882
51166,4.999730886,4.610699119,4.869979994
51809,8.954265297,7.502737782,6.999704512
6649,7.102865775,9.183576549,8.101677651
56606,5.811745445,5.757149769,5.996272839
7358,10.60457524,10.16359246,10.36514261
6309,8.18374914,7.878840033,6.814896482
27087,6.562048736,5.566360369,5.907486186
6484,5.719382848,5.888621836,5.904950738
1374,5.932724473,7.151787693,6.581877668
2348,7.770769729,5.246208966,6.157108334
2352,5.351259813,4.381011032,5.616046777
345,3.88425335,3.681861493,4.957731267
8050,9.006053604,8.58777496,6.418751219
6506,6.04476456,6.730357275,6.904754082
51296,7.146006276,6.341876424,6.941057473
114971,5.411674441,5.875860602,5.281298444
4728,7.594396358,7.997042146,8.974998458
1119,6.090075002,5.935712369,5.828041605
1610,4.720084072,4.79920759,5.227484192
4891,9.918582396,8.41006965,8.951503222
4598,9.028518265,8.816646889,9.283270435
506,10.68201207,9.303235479,10.71761857
1594,4.557498287,4.133694135,4.250161822
79611,6.875772869,6.531023517,6.015636476
4048,9.422409538,9.680929034,8.792969814
6539,5.553446714,5.185409045,5.789487023
54682,7.708235979,9.211288049,6.338821513
80724,5.545731778,5.930668746,5.403994157
217,10.75906745,11.22997448,10.45612211
81539,8.571635844,9.451537076,9.015664891
2597,13.19642881,11.72119912,12.89016579
56994,8.806459313,10.0479974,6.99048074
7167,11.2198304,9.256580058,10.36478383
2026,7.589546316,7.217770483,6.920466781
28234,3.97792681,3.857971202,3.71361307
3945,12.76846113,12.35991967,12.68773144
55907,6.053066595,4.416727287,4.049734488
6489,3.903753735,3.917335155,4.520821404
57379,3.669891292,4.910853119,3.583400821
51522,10.70573327,9.60780814,9.650251856
2651,6.059147179,6.259413692,6.52019425
4121,9.806124198,8.980140885,9.569448984
10090,6.081382279,7.757687316,4.09038565
116369,4.025739368,4.184262648,4.309836821
6005,4.777048557,5.655844462,5.665280681
6648,9.066787522,6.929185322,6.812245079
7915,5.89676538,5.177235194,3.333774129
8876,4.466871728,3.610431762,4.264163309
8875,5.206160388,5.066441414,4.936720302
135152,4.130581493,5.402475807,3.947900267
10246,4.174808966,4.449582376,4.207899639
117247,7.547165152,4.731975796,8.604695687
6582,4.405939431,4.762152677,4.401763789
10846,8.104124412,5.421703339,5.114002723
1347,12.27547419,12.33040736,12.5578582
2762,7.540917947,6.541545416,7.391979531
2030,6.675696933,7.66683191,6.728069567
83594,4.951897776,5.464624773,4.266430637
4124,10.4127852,9.675559595,10.46435179
3157,7.407370515,7.298708616,6.805591595
23530,5.735932484,6.146635784,5.131552075
83697,4.199699359,4.18267138,4.843178491
3156,8.373214436,8.844979872,7.33208991
10087,7.591895234,7.970667296,7.670729716
8622,3.040850425,4.30815963,3.077426447
411,4.998401896,4.354860565,3.938541334
28965,5.137727125,3.482540833,3.33835605
5144,6.102290419,7.309927388,6.725427279
64902,5.283416632,4.797087515,5.503365453
10723,10.12272987,9.772801466,9.932475254
10007,8.961004175,8.807780233,8.542015454
8992,12.41739144,12.49590972,12.54122206
1962,6.762977046,4.6050451,3.615292184
3081,5.763835728,6.132720744,5.816172332
56954,8.340456983,7.1008171,7.349908523
5096,7.626034125,6.127505191,6.942797993
5948,5.286355045,5.185386455,6.207024705
5947,8.065473369,9.477160602,8.361882932
5210,6.301523786,6.411211933,6.62129601
2632,11.35224053,10.95483368,9.628567172
7372,8.390888089,7.120957478,7.635759911
523,11.96543614,11.16382861,10.73633974
10057,8.854918455,8.502363351,8.112423491
13,5.744090211,4.799819977,5.39793575
23007,3.557614782,3.995830895,3.54208675
28972,12.24629972,11.54801751,11.06065417
6508,5.982302965,5.689019745,6.989843392
1716,8.38793072,7.373999295,8.60078122
200576,7.713713233,7.989258336,5.651119255
2820,7.921030105,6.23488059,5.963418838
5136,7.162740789,8.775567613,6.384783517
7841,7.02680448,6.070780802,7.774788492
374291,6.819461177,7.217906133,7.232574122
2591,9.879602986,6.222529987,7.146142323
33,4.653718488,5.319554501,5.243845634
2744,11.14892827,10.29912173,9.492526729
55825,7.739014482,8.863338876,6.81352456
4759,4.242577165,4.633727524,4.122781909
8869,8.309535386,9.029820382,8.455332171
84812,4.509492551,4.607484026,4.873457288
6549,3.930815363,4.565014554,5.527223214
80146,9.785565948,8.854048758,8.345008248
60482,4.521872029,4.683435445,4.406030173
7173,4.278102087,4.531241503,5.515259423
4953,10.78935286,10.01508204,10.70614466
8604,8.347993836,8.943323107,6.3224094
3938,4.08265475,3.955313966,4.091124407
5334,5.20224899,5.709809387,3.765987094
6509,7.665193133,7.272057559,6.898811631
8942,5.366501954,6.004218492,5.265062347
9167,11.65700886,11.46359431,11.188773
525,4.697971242,4.966948867,4.759157878
6697,7.445902282,7.463324081,7.090316221
1718,8.498859226,5.917350564,6.81352456
2882,6.914585917,5.558675195,6.856447517
6342,11.44043508,11.18057857,10.46982677
271,9.082710984,8.91899887,9.95409064
51102,5.783761072,4.480023478,5.098421987
515,12.27569745,11.75454212,11.21810228
6723,7.621070693,6.010653034,8.164309347
23169,8.678230349,7.479276683,8.145014656
5321,4.609494039,6.097547666,3.936273365
270,3.550526304,4.061030897,3.536854204
1491,4.511180729,6.23446852,3.550361389
79814,5.672095489,4.875503481,5.523304351
51179,4.144731977,4.02955475,4.049111119
8443,10.1712428,9.429743988,9.830432281
84618,4.99161884,5.04912016,5.707280255
4548,8.741824013,9.054195484,7.985331558
8564,4.508146157,3.933478302,6.061900016
34,9.237107965,9.454256428,7.980821895
81849,8.687502752,5.238653781,8.698462905
6390,6.562048736,5.856961583,5.171778103
6675,9.834889248,9.644316758,10.35106915
26279,5.410633186,5.771340556,6.224278487
3155,9.714373565,8.917100244,8.802817548
2582,7.180049749,7.197975007,7.742334083
6513,7.425019257,6.905244003,8.231974012
533,7.995653842,7.438379897,9.213473961
8704,6.753286365,6.849012327,6.460631524
10327,10.44461937,9.161815452,10.41941398
5052,10.85352649,9.594236566,10.16220745
8503,7.504815426,7.928582489,6.72558178
10560,7.813778687,10.40687607,10.84422887
5825,9.929984388,10.23027873,8.216361554
9588,12.05382879,12.22460328,11.53606518
3290,7.922689022,4.909011373,5.786111428
23443,7.415179961,7.62183153,5.630936406
57134,8.147857614,8.81549108,7.423870276
200010,4.098567291,4.694219778,5.061161529
51146,4.005879383,4.329056087,4.07839041
11181,3.831043779,3.72160665,4.46597611
335,6.963692887,6.461939211,8.738259257
6543,4.429815498,4.781086462,5.060542122
23632,5.469886369,5.873582745,5.863686079
9789,3.516136484,3.69643027,3.602073906
6785,4.360950787,3.633548123,3.81013706
383,2.985610523,3.205553229,3.787916672
9194,5.735675755,6.073564637,6.824272349
6185,11.52653348,10.79412658,12.4682209
4709,9.0201068,8.608045939,8.665059507
9615,4.878530958,5.194560729,6.276185369
80235,5.99490633,5.929356806,5.123243569
4702,9.568949209,9.667495555,9.006311587
79695,7.356349968,6.738254718,6.401975627
85365,10.30815747,10.29863881,9.364138721
2531,9.314762545,9.450215923,9.055027554
97,7.389551587,7.480563872,6.707208552
1743,5.775640767,6.710945055,6.157938653
4329,8.01754917,8.712156192,6.288705839
51004,5.077679125,5.435422014,6.295235998
1788,7.600309207,5.956562609,8.784746515
26503,8.388458221,7.674993092,7.798605613
57678,7.933003554,7.123389965,5.279688342
2805,6.52797006,5.267579613,5.511251604
79646,9.304087379,9.489363688,8.080997133
25902,8.188852666,5.47524951,7.51101574
83884,3.442788587,3.738717564,3.850373654
39,6.183555711,5.800841218,5.554763414
29880,10.44667576,9.807688374,9.3281802
157506,6.209079482,5.716589263,6.229997608
8288,4.838588036,4.938146208,5.793567855
9227,2.925313835,3.067321506,3.274614299
85320,5.340624824,5.479860783,5.389324648
113,7.508585662,4.622806977,4.805350558
55268,8.693883774,10.00689683,8.300372566
3764,7.866781039,7.90851881,6.817161305
847,9.674462679,9.280012335,9.642794741
5290,6.225352808,5.011500716,4.412634976
4952,4.972123998,5.098581269,4.65335814
5340,3.893973942,4.175504488,4.854153544
9956,5.649366414,5.325133937,6.476660542
48,8.587443296,7.713732171,8.122798325
6718,2.523469712,2.534039757,2.758159513
9469,6.292117213,7.205465266,6.322168952
5033,10.93276678,8.116862374,9.378285579
8034,7.033123296,8.461143186,6.572245151
35,6.344259699,6.866095106,6.444458322
5153,5.971509085,6.805247032,6.431804096
4035,7.906837771,7.450371752,8.155248271
1757,5.559886997,5.838521931,6.652414196
1621,5.084221698,4.883499791,5.588750212
262,8.590727455,8.020428834,5.715556994
206358,8.008894927,7.375748749,8.274766015
81579,9.119512771,10.31969685,7.817474569
5208,6.662541035,5.885306866,4.648384191
2181,9.905409818,10.81508138,8.811760959
79586,6.449443362,6.112496858,7.080851647
116255,4.542363023,5.210561834,4.640247078
6560,7.104155576,7.628110991,7.496708618
57468,4.277331871,4.663185805,4.880591412
51604,8.154876839,7.806782026,8.531887288
514,11.88198254,11.11937548,12.74375803
5335,7.961005478,8.740400833,8.316129573
5740,11.26366811,12.27983205,10.78960509
5105,7.316323121,5.532943584,3.080122231
5184,8.78002031,7.048851574,7.499614448
55577,9.446911821,7.59199762,8.467535392
84693,6.513826163,5.447897851,5.523431384
10396,6.726186077,8.575742102,7.08476135
10786,4.139881899,3.743554477,3.928018478
6568,4.586399551,4.907022719,5.210592843
27232,4.075631881,4.809470991,4.825856513
2739,10.62953102,10.23893704,10.14932007
2806,9.143018072,8.89985555,7.815962928
6555,4.452394457,4.772606817,5.278183904
10257,8.441235649,6.487308401,6.801538552
4694,10.69157647,10.31600221,10.57693576
27109,6.496144377,5.771340556,6.189171196
9953,8.286371804,4.790486222,6.031912885
60386,6.722070226,6.156753576,7.120121226
30833,6.1314854,5.596784132,5.877610197
80025,10.6135522,9.294900673,10.42197678
3704,8.520207955,6.859787327,8.532966896
7389,10.31056743,11.06561055,10.6292161
6487,8.182853424,8.54030652,7.960410203
10870,6.576314976,5.75966134,6.604891615
1340,10.24716707,9.185624636,10.76063604
81537,8.555073602,8.416521304,6.726036301
79717,8.760431293,6.821827839,7.184967561
3425,5.351372287,5.41551538,6.797919819
5322,6.152508364,5.465612773,5.980123219
10975,5.629951874,5.518453402,6.120004231
1892,11.10091491,10.1392574,10.70131475
10606,8.978828966,7.644521678,8.1033095
5471,7.175701659,5.726840111,5.927909285
9514,5.154668679,4.864459058,5.576351409
4248,5.0142583,5.689019745,5.35666411
53947,5.410148886,5.140877326,5.564793936
4357,7.130716349,6.841813323,7.801405341
7263,9.640641553,9.151594073,9.046042366
9296,9.27532308,7.70151157,8.476173973
4698,10.42035884,10.41355444,8.923735004
50940,3.45914795,4.445518316,3.6163669
2571,3.127584212,3.489864741,4.606416404
8854,5.378290604,7.358724274,6.20081201
3712,7.983373589,7.78156482,7.225981662
1854,11.41679788,11.55548024,11.9158601
60559,11.73954602,11.67176239,11.52960209
8424,5.21850432,3.511405933,4.277382332
7166,2.963109252,3.480537804,3.437084113
1635,10.19431528,7.429176901,8.179777055
5338,6.654674571,6.517304751,7.201462451
482,5.912022131,6.346227821,5.261762975
196883,7.083373413,7.486248277,7.238249181
1603,10.23411373,8.065271419,9.431145615
1036,5.760356983,7.988135467,4.050736259
15,3.964038209,3.861262342,4.051991166
2593,7.08997974,7.534063685,8.080573144
26290,5.934378772,5.440950217,6.58623745
6303,12.84191797,12.46530795,13.03172098
348,7.707965114,7.394269622,9.224235234
341,7.066034025,5.291595344,9.210682635
376497,7.76395254,7.61237809,7.501533035
25796,9.285718027,7.684819864,9.692383242
81616,4.801395793,5.276201432,5.017420835
4705,8.884624327,7.477250059,7.328586234
1571,5.115954278,5.614887121,4.982943007
445,10.24487518,8.554097803,9.370337604
83549,7.939525902,8.276779785,8.566016044
1786,8.018885174,7.287898004,8.418646993
6535,7.471969088,7.772296135,7.388593942
56301,3.921161509,4.448200666,4.15032293
8789,4.285227102,4.803768906,4.579915867
11046,8.531594009,8.349498735,7.665696599
84701,6.065558629,6.659143935,6.05523288
2686,6.127241617,5.771340556,5.903416711
55902,7.982024299,8.288641069,7.301251877
529,10.20602557,10.32120547,9.815357203
1327,12.36325775,12.15348093,12.101202
1349,10.71777542,11.17694343,11.15832743
6569,4.825029745,4.503281468,5.028389118
3620,5.971883911,5.03319211,5.285807059
5538,10.64016253,9.928185285,10.64354946
26061,6.273088083,5.883207613,6.048725426
117248,5.717241395,6.659469141,6.32412216
6533,11.77825611,8.154316446,9.361292033
4245,8.833774725,8.063997368,8.673635887
9945,8.707309994,8.210569489,8.82127589
8639,9.098435623,11.95887308,7.610403204
47,10.50280222,9.431082866,10.49447626
314,4.249498488,4.464954864,4.110124775
2538,5.377055867,5.072151302,5.02253228
4695,9.181934264,9.09303557,9.840732465
765,5.453307096,5.227172494,6.015977763
1160,6.422805145,5.976779435,5.665280681
10948,5.506304139,5.851830255,5.724940325
5160,9.469081994,9.438467701,9.019428308
64087,7.937120903,7.823241801,6.472586564
22856,11.88571063,11.85407395,12.36344731
2643,8.179219721,7.120188853,8.064006759
6538,4.965564856,5.235167571,6.230951526
51478,3.754866418,3.757425266,4.225474359
51540,5.880866116,6.054072851,5.94770345
51805,6.774821725,6.569121309,5.759647648
1644,4.601281832,4.131478165,4.115944082
55065,3.98981909,3.993451744,4.939545377
3000,5.55881727,5.206732445,6.292587542
57127,5.471634476,6.020846829,5.295484697
480,3.630422547,3.82882655,4.111214434
91703,4.378776275,4.322493515,5.021546893
222,4.879999027,4.211333031,3.96630996
51526,6.229102842,6.967922909,5.576568188
29958,4.447348498,4.796302087,4.492860957
8170,6.121439679,6.184860301,6.238768716
5145,4.238890966,4.754466361,5.164957129
10400,6.680647317,6.216616792,7.667778365
5287,8.368778884,9.747492362,8.045666789
1118,4.749581818,5.231148468,5.570565905
5158,4.32867513,3.708834328,4.03641072
55748,9.708029785,9.092151084,9.505291872
66035,5.797622397,4.941707875,5.954625386
51520,10.06079123,10.65675371,9.819431263
3612,9.714871898,9.855938622,7.550584052
759,6.318800573,6.140728548,6.18822514
272,7.602087909,6.276815807,6.268508163
3295,9.714078365,8.775739435,9.1089253
27159,4.246770712,5.170365043,4.903607889
3158,4.845403318,4.688845165,5.455889813
10390,8.740923011,7.941401355,6.932142829
54407,12.67543124,13.04147261,12.99250079
129607,10.73354622,8.5971187,8.54532255
10599,4.491032792,4.195124469,3.951786542
53,7.38518808,7.217046942,6.942117349
9415,6.515824622,6.383013774,6.585564977
55312,10.18155098,10.63569066,8.263149966
29968,9.32677566,5.757893361,8.190260351
10993,5.258659653,5.382666637,6.096195347
948,4.098928943,4.195097848,4.342607422
4907,9.354076578,7.232811981,8.25242543
517,8.723968934,7.614396587,9.388183223
27165,3.848470582,3.742688781,4.099448018
5959,5.908743195,7.171614655,6.259168787
2583,4.980310718,5.01869089,5.662584094
6610,5.715775179,5.289827026,6.125486478
2799,11.42378881,11.31393569,11.58201037
53630,3.312925189,3.801882875,3.570934421
6553,4.975975991,5.168561863,4.691771325
2752,12.51333446,12.61172949,12.7674711
5279,9.753473843,8.244510066,8.987498582
80704,3.680275575,3.408106491,3.984562944
1593,6.96022834,7.319044482,7.041720881
1329,10.92659332,11.10321653,11.09322763
160428,7.609240771,3.863543206,5.678937778
8803,9.448007044,9.008937843,6.881798039
83852,6.756702177,7.499153197,6.613736617
55501,7.422995036,6.69562396,7.913248053
1607,2.95980814,4.132813114,2.892251645
4711,10.7842703,9.779001433,9.003465809
11227,6.382479202,5.853000754,7.555015947
9394,8.302596544,7.327263497,6.813042875
2572,5.179061667,5.847732738,4.99550738
29988,5.936044345,6.113909598,5.920914942
229,4.859407324,5.444476213,5.171296832
2356,7.035436072,6.913567207,7.00252417
570,4.859421262,4.929413564,5.563738691
9550,10.60235072,9.942828269,10.94319833
8818,6.830440108,6.359811614,6.945405107
5168,10.52110152,11.32210407,9.540499724
9380,9.102046245,8.900893593,8.529264882
219,5.554103035,6.349792172,5.519950195
2766,7.44304798,5.517260089,7.375058175
10864,5.11570271,5.260277735,5.397031143
11309,7.94254105,6.573873233,7.738525167
8836,8.755322316,5.382294796,6.70220002
2542,7.080956131,6.742059434,7.157677008
3706,4.392356472,3.59842708,4.525517789
5330,7.308641451,7.298648946,7.520980098
53905,3.512756902,4.582671227,4.581059107
9153,4.504632977,4.907022719,4.150081357
64220,6.708393995,6.694159037,7.503322769
1588,4.094859923,4.170490173,3.977993852
1629,12.01692219,12.55121549,11.92155739
3032,11.29459428,10.62476656,10.21743494
3795,6.097238502,7.62183153,6.500303363
109,5.685315999,6.1415492,5.56817761
1545,12.07683643,11.49604003,10.94214552
8884,6.980885746,6.47927578,7.652760081
64240,3.218392026,3.519672696,3.517058761
6519,3.884900032,3.953054711,3.546639621
1559,5.467811549,6.265995396,6.081781982
1558,3.870122379,2.937062814,3.122273164
9023,5.425613826,6.90716148,7.21081832
953,7.581630003,8.674250977,8.186773898
51196,4.918982575,5.07016708,5.061947274
5950,3.51861834,3.927471197,4.114470829
316,6.886930478,7.268296756,6.603775047
471,8.246365497,6.949356209,7.494966358
130752,4.859421262,5.771340556,4.655573011
3417,10.53106346,9.808909869,9.450101789
30061,11.54679209,11.43165801,10.9384789
26035,6.855447552,5.207269326,4.838274378
60490,5.84571452,4.607327525,6.0902142
64579,4.171968126,4.987844677,4.677449961
84803,5.283956459,7.176110172,4.234954194
8654,6.582299678,6.544061445,7.362034909
27068,8.834693349,8.969161546,8.137699453
3033,8.582981927,9.996376784,8.280320587
9061,10.16787894,8.4645104,10.0266616
5149,3.254512714,3.121028846,3.605496469
84920,4.058171282,3.180716565,4.235802619
5288,3.722418355,4.531241503,4.682401146
89869,3.445244691,3.491374202,3.322951994
53919,3.738997436,3.133290075,2.947084036
55500,9.207926558,8.662248836,7.273661926
4704,9.361222362,8.257241798,9.371733799
55089,2.901439281,2.923245866,2.931847535
121278,2.956183095,3.106786896,3.038799882
144193,3.20197055,3.227248127,3.320970924
121260,8.050965664,8.80629422,7.118500627
113675,5.108245897,4.978812478,6.085557906
6541,8.445597673,8.09838193,8.775743593
6821,7.725184599,7.702217477,6.960524122
8608,5.286093939,5.174630807,5.5587186
11226,6.076808719,5.28686158,6.607710422
51380,5.457079042,6.645088949,5.552297828
2098,11.76497056,12.31716723,11.63194745
145226,4.835346511,4.849481335,5.445687989
122481,6.233194078,6.544037792,6.884901621
123041,4.227360129,4.397414246,4.946604378
9990,8.337904328,9.077430648,6.888745084
6652,4.380274273,4.860504331,4.077701183
50506,3.933925342,4.06227051,4.306292178
11001,3.933925342,4.270330956,4.291430501
3067,4.393093103,4.397414246,4.87202582
9245,4.908543882,5.097810211,5.218410609
2108,8.901505406,7.946288246,6.680986649
4123,5.286093939,5.421606591,5.43656094
1583,3.985056837,4.932583371,5.729715648
1543,4.060954773,3.997558634,4.131730179
1544,7.129721802,6.216616792,6.455195629
23478,12.60052337,12.23027823,12.13494047
6524,6.0410627,6.046603314,6.987352551
7385,10.0729138,10.04644877,9.774742557
10164,4.859421262,5.102445709,4.586680381
4716,9.390842375,9.840214019,9.906513697
2588,7.614640724,7.174017707,8.321932143
92579,7.473747993,7.690005992,8.176727423
3613,7.465164705,7.372098163,5.775222713
2589,11.32903357,8.118452339,12.7102499
6563,3.394482954,3.670178469,3.189193278
284111,4.51519923,4.967803492,5.496012371
112483,8.818415338,9.622734171,8.73771084
23533,5.77851815,5.658965906,5.822175609
9123,8.351576416,7.50989824,8.903489813
51529,10.47397615,9.78414795,10.40135203
5409,5.311357045,5.098188511,5.641479204
8612,3.848037256,3.976411428,4.940666559
5211,7.879741607,7.174243788,7.430625815
641649,5.433082873,5.94302999,4.648780522
6647,11.48445951,10.85404154,11.16780674
6531,6.005455337,5.562491189,6.265040826
6518,6.143777606,5.744598331,6.107326754
5226,6.726983656,5.609917062,6.677055604
10026,9.04102647,8.399216174,6.971365537
113451,7.046883107,5.988305271,7.607755149
481,10.55267472,11.65429293,10.59379539
29922,6.615709618,8.387934331,8.193087625
7371,7.62667926,5.421606591,7.613460957
4259,9.734310235,10.4719079,10.4526144
55811,3.920634539,4.242151286,4.145426684
5498,6.583930342,6.531949408,5.870794824
6391,5.33654625,5.423556418,4.523319826
93183,6.478318218,6.745674284,6.402091248
58497,9.432890378,8.440538153,8.589898143
9869,7.578518083,6.332850908,6.978122835
5298,9.059443095,10.27136009,8.420018954
8394,6.798446016,6.914664949,6.94921936
11000,6.201005003,5.930668746,6.490563846
5313,4.36473202,4.498108958,5.775184127
2590,10.25712297,9.081873379,9.306847227
52,9.335808014,8.875474581,7.847429428
8560,11.69132496,11.78636236,11.12964866
3707,6.229678556,8.944258313,6.518916079
2987,9.488112881,8.401604706,9.825811911
129642,7.786050388,7.602213452,7.597813481
29920,5.909639846,5.325133937,5.697544202
55224,5.229543708,5.019696822,5.345053535
245973,5.613032792,5.227070374,5.080106442
64241,3.656720432,4.032691288,4.089559219
6574,9.559259239,7.953084951,9.322438632
114805,4.428334456,4.873075081,4.598663124
29926,7.035436072,6.073006465,7.692014347
115286,7.762017559,8.080739848,7.660523069
10840,6.099441181,6.216616792,6.557842869
1609,7.120365706,7.993060298,7.665385665
10861,3.951808791,4.268368054,5.484127222
79966,9.817625774,7.726326384,6.849738664
2638,3.331013998,3.571016025,3.577221174
80854,9.478178002,9.648569264,7.742529887
4726,11.82026968,11.72537031,11.78639401
6715,8.453950596,6.620928432,7.298828907
5295,8.900023136,9.728701954,8.109218531
635,4.698328277,4.464959031,5.048352584
10050,5.224009734,5.208488544,6.009451815
7941,5.123827447,3.428526256,5.553157727
4594,9.362914132,9.724934814,9.064039179
54511,4.531507339,4.397414246,4.734104934
51557,3.475413315,3.344273254,3.443631509
51302,6.389148234,5.771340556,6.663375652
154091,5.270258593,5.748711023,4.95220163
6581,2.518376577,5.939004927,2.620702931
4191,10.46918342,9.784815876,10.79528848
5723,5.907740239,5.554507543,5.311169616
57393,3.139879164,3.645769823,3.180114117
6567,5.84142876,5.838513643,5.859567959
56548,5.539666566,5.171695062,4.754224131
54539,9.656068548,9.337879977,10.37137858
10682,7.330064565,6.547774029,7.197086857
5631,7.407809423,8.150260444,6.676621943
50814,7.03128937,7.739016793,6.85984265
55790,6.134024913,8.75980426,6.163051021
526,7.773530341,6.714938762,6.549137371
11212,8.280476768,7.737763645,7.186245134
137872,6.770335847,7.038261473,6.485917251
115111,3.865882899,6.0345447,3.660151385
245972,6.496144377,7.139064504,6.389521922
1807,3.462728674,3.521586448,4.119239022
4715,10.6238729,10.29480532,11.28606596
93100,7.066643749,7.499204634,7.566833748
50808,10.04877041,9.939308135,7.975101853
549,7.771971082,6.616969998,6.112777885
7357,10.14246635,9.220016119,9.690540169
210,5.5873253,5.235373318,4.690197371
26301,5.843203352,5.281738134,6.492018448
80142,6.952949124,6.926752238,6.738050902
9536,6.129315229,6.542000449,6.292017558
91734,4.892989288,5.101856246,5.51301745
56623,7.337315222,7.928150318,7.277628258
2746,9.327593029,8.312646825,6.612795447
1586,4.147157048,3.601031417,4.743819889
159963,3.279668576,2.907056609,3.350809131
8525,4.457909174,4.348495776,4.504710654
8501,6.040125872,6.348732969,6.540034754
60496,10.01971655,9.723150991,6.375958811
51524,7.219234186,6.411723677,6.4228912
3992,7.343080449,7.520902497,7.810521959
9651,5.058358059,4.878826207,5.670831863
26229,6.374712567,5.788717539,7.128680318
5331,6.184414213,6.631359124,6.561374851
7108,6.060080238,5.890819259,6.012821138
3176,10.54072139,9.961550717,8.154604182
84735,4.417769249,4.640770359,4.848543965
1737,7.362899435,7.171497046,4.581500731
5805,10.46555146,8.125951485,9.287373639
5305,9.443527404,9.147345246,7.954550563
84076,3.273013264,3.347928752,2.977449389
23657,8.788601316,6.133890432,6.2452881
54995,7.251784874,6.737439687,6.214875259
55293,7.592720566,6.668182655,5.353561676
253430,6.685457321,5.756100455,4.77915109
4143,5.617659144,5.318943248,6.211317317
114134,8.734873496,7.57053284,6.588865289
2132,8.350980422,7.715225676,7.429475413
4718,7.855573082,7.903925884,7.740191561
10873,6.570369181,6.845208327,7.276453584
127124,3.407310214,3.424734854,3.804644973
27034,5.687828835,4.272318381,3.652040742
5860,7.605560593,7.00114701,7.998443788
166785,5.939518103,6.322980947,4.497953257
5281,5.701492147,4.411537557,4.148526455
3628,8.540272448,8.943907774,8.009945637
2180,8.883374978,8.887264065,10.10461946
291,8.205599893,7.964576617,7.197339059
6999,9.592954043,3.786784829,8.355656157
4249,9.173359428,9.035021567,9.365525268
498,12.56094146,12.16666691,11.87058345
57818,5.444234267,5.498819134,5.639000901
5140,5.188840638,5.162167019,4.9545046
2977,5.064588136,6.056716014,5.031963427
79723,7.574387836,6.433381791,6.555071245
55301,4.832835401,4.682993474,4.86853498
5213,9.308995464,9.335046703,8.582337837
53354,7.436748821,6.81863864,5.614829842
9453,9.096396266,8.532920384,8.589362548
5352,11.68775536,10.12624837,11.97593817
130013,3.89072175,3.603631406,3.673117806
9481,6.190474608,7.005566621,4.919371645
22934,9.554569969,8.667002257,8.172217388
8526,4.905373777,7.217895464,5.122541029
9653,9.450255595,7.827481896,7.681189962
9955,8.130784593,6.637575124,7.378334326
125206,4.963415929,4.679689907,6.479593009
26289,5.226989156,4.140787177,4.197362407
5169,5.417749103,6.492777883,5.517198389
518,10.00153423,9.442285151,9.584388581
5137,5.014653792,9.241530123,5.009175664
522,11.18470455,11.33499807,11.10552925
84532,6.471659641,6.414102949,5.73514166
528,6.900075098,5.34608462,5.69790636
55326,8.370478226,7.715916175,6.466531308
55361,7.007209536,6.207213059,7.001533849
1622,11.84858195,10.62716403,11.72653149
6566,7.998833776,8.101892953,8.604890858
9056,8.132528401,7.158891232,7.799815548
136332,3.301803729,3.635899614,3.959393852
1836,8.872581547,7.88517361,7.478881481
25769,4.799661217,5.175767126,5.490816895
114,4.276592368,4.516288795,5.202733569
7363,3.003049281,3.269974443,2.973011913
132,7.585771726,5.6043287,6.876330843
1633,8.240286415,7.746032246,6.596568113
9154,4.016572138,4.43215351,4.693549245
7381,11.48457463,11.04262176,10.94564404
9791,10.13318208,8.924293655,9.453802604
80201,5.04576869,5.121068663,5.706399184
3098,10.58744749,10.48995955,10.68108441
1339,5.24796637,4.621092345,5.631172939
2585,5.513621065,7.383859675,4.971600076
93010,6.421676312,7.677343896,6.615481226
5147,7.038611063,7.016384807,6.912930026
23057,4.780410273,4.988886903,4.939827696
491,5.985826619,6.650086538,4.676085069
6529,4.300472478,4.250870584,3.758728287
1376,8.134744144,7.247216514,6.631321715
6483,7.30452203,8.141939166,7.988963838
197258,6.594203826,6.533733978,6.608352266
9162,3.657614099,4.062793602,5.079098099
10568,8.98921001,5.843557406,5.767368597
55229,6.08341812,5.36392646,5.97973991
5051,4.930528586,5.549905517,5.107516468
2134,4.954258679,4.915244579,5.45673113
79623,6.883872219,5.327993125,6.436098924
3242,3.840688803,3.716633404,4.690135539
7498,6.442798354,6.514002096,7.287562467
64849,5.88739591,5.859088403,4.801464825
23382,6.59270705,7.225433556,5.829932316
9334,11.82166628,10.40344783,10.36286528
5207,4.950640566,4.919243135,5.454888526
212,4.699277983,4.646802921,5.005577871
137964,8.106138465,7.393977325,7.963971983
64600,3.315334843,3.834829388,4.25425488
978,5.191801744,5.121213808,6.811832486
8703,7.689294438,7.550307018,8.043329466
4720,9.634264937,9.067661388,9.572378537
115584,5.465091459,5.035226214,5.77915575
79053,8.173077959,7.217895464,7.268110912
8867,6.297793091,6.164706637,4.354400793
2618,7.934980002,7.221712114,7.029972279
516,9.45329248,9.567104594,9.53604317
873,5.898496087,6.236785648,5.522390929
3141,5.863022998,5.325133937,5.508180521
3099,7.546610679,4.622364466,7.513422484
8659,5.566572045,6.091775314,5.788465155
131669,3.723316118,3.603590377,3.440834981
9114,7.887492031,7.837187773,7.414901092
4882,6.291195349,6.080676966,5.922642893
10020,7.384012311,8.525184206,6.295235998
54020,5.534903988,5.255169003,6.077576198
5152,6.049975282,5.458083809,5.6290645
4731,7.281475082,7.916754948,7.659125185
8566,8.61965802,8.266298487,8.603720365
2539,5.713700249,4.792922491,5.962985176
56894,7.638404989,6.66336795,6.603114684
10841,6.307017948,5.7080071,7.487788189
4047,7.199240449,8.437412141,7.323105865
11182,4.816526287,4.292861914,5.335023844
112724,7.426813324,7.966162806,6.504732447
125965,5.08744746,4.896981623,6.382572163
80308,7.028653841,5.823844064,7.042040551
2224,9.293720195,7.999682886,8.655571622
1576,6.082347914,6.196800664,5.777012023
1551,6.039303467,6.127461829,5.960810448
1584,3.702469646,3.611021828,3.758728287
3101,6.912865866,6.155676015,8.379709016
11282,5.978705345,5.510883434,5.696833115
5130,9.22954769,9.44203333,8.444494912
622,6.5617601,5.998075013,6.53083682
1346,9.01233529,9.857338575,9.443146473
51,7.327338498,6.683508441,7.138849341
162417,5.054010177,4.023746586,5.190920913
113026,6.328396751,5.883423061,6.89260174
362,4.612810978,4.441800737,4.940918586
117283,4.860861195,4.550852747,4.971836549
246,4.695230033,4.988787223,4.388156134
64711,4.16691059,3.957313598,4.554199621
51005,5.632838567,5.608591525,5.704607172
115,8.560387771,10.18555304,7.251572203
80150,6.394275839,7.276105141,7.505205988
51727,11.00056678,10.25403404,8.806230249
6512,5.27802587,5.317779764,6.395885809
8613,10.15820943,11.08649563,8.559749778
205,9.037083822,9.874830448,7.321691196
249,4.242290822,3.647584181,5.340117215
178,10.10607485,10.2346346,8.783482476
2135,8.905576048,7.966996237,7.971368892
28982,8.610868385,8.298393407,7.536522016
10380,7.391752209,6.856775118,4.308583275
51205,7.176110172,7.728905787,7.38891096
23498,5.790596883,6.412853864,5.734941794
130367,7.469621009,5.864943823,5.567634674
27306,4.745182457,3.958171254,5.588122716
5161,4.401977013,4.440271148,4.750724208
132789,6.477642056,5.995716199,3.553340781
250,3.522254901,3.457371414,5.229428577
251,5.154668679,4.985756771,5.448251091
248,3.840488554,3.495243783,4.973823349
10654,7.301299743,6.713238819,6.856447517
476,10.0668591,8.433663782,9.645536416
6565,5.164991231,4.053888941,4.353814275
8802,11.08034965,10.46872415,10.49474876
6514,2.733589119,2.870269425,2.700307973
2168,3.256451868,2.874256211,3.717632754
1040,7.117300162,5.709842438,6.062907731
213,2.984853637,3.011949438,3.50002176
8833,6.81176063,6.868398031,6.063602108
441024,5.528053746,5.032932019,4.087196842
2992,9.869086236,11.28139749,10.01352326
54716,5.065705394,4.152409289,4.674395544
349565,6.043987269,7.168841481,5.487284831
6184,9.384335472,7.859318843,8.749972865
7086,7.237490334,6.703338512,7.407001168
54965,6.635832905,6.25096677,4.470448575
56898,4.955694983,5.980002967,3.973790134
64850,2.92154412,3.014669157,3.129597984
9348,3.763914967,4.025681976,4.401886803
2982,9.768503066,9.021949497,8.444177595
4724,7.30776448,7.615824088,6.849239969
84340,6.744145266,7.069335875,7.125615985
23305,3.413848432,3.295174829,3.430536193
27089,9.783982597,9.655816276,10.4872863
55568,7.938519424,5.439905742,7.485784398
26266,4.726171725,5.078045589,5.230485033
5224,3.719093283,4.109513224,5.374049323
107,5.904596099,5.882420206,6.783362361
4846,4.295007334,4.350517086,4.333284748
761,2.976803366,5.771340556,2.70364875
6522,6.556304502,6.398151238,6.773987775
501,4.75921049,6.193540961,4.401717894
1345,11.03005382,11.41832595,10.79188336
318,6.754063421,6.914371614,7.003090673
19,6.542895719,5.248787089,5.727051609
2395,4.070810852,4.569293687,4.03025187
216,5.060189251,6.209352773,4.134082624
2203,5.084221698,5.755364909,6.684401119
5277,5.156421615,6.137575828,4.185064251
4712,10.21109766,10.34189752,10.20116257
84720,6.231394785,5.679918141,5.775281906
84889,4.873209151,5.253067786,5.086256022
2350,7.842134391,7.007931695,9.146440573
3636,7.816469472,6.931656764,7.580113516
11164,9.522437347,7.11505315,8.777295896
509,12.01572552,10.7489478,10.39609338
118881,6.652582152,6.521118484,7.766087355
6571,3.413906958,3.523147961,4.273940169
10935,10.11922771,8.595828549,8.084973051
3251,10.05460867,9.281594295,8.643399915
9152,4.782440927,5.019438006,5.31698303
3990,4.644322083,4.265749554,5.083854347
84706,7.175219155,5.277399519,6.525766245
4714,11.48237756,12.14247101,11.87657626
1152,6.676750836,9.715346648,7.521258763
374569,4.634950092,4.388863154,5.120668415
8879,9.533451458,7.04619161,9.117290566
5092,7.510445031,6.213364202,6.635313461
6609,7.013754207,5.970195427,6.768606272
1200,11.49128482,10.41729526,10.73546933
80168,4.346221987,4.54924244,4.739219467
3419,6.815731031,7.449474524,4.75855288
7084,8.447870399,8.632390115,7.903180159
90701,7.991223779,7.464415501,7.269313062
4837,12.46506164,9.574130773,13.11294284
116285,3.774947057,4.20364182,4.197537253
3948,4.758223728,4.616517765,4.194023796
160287,4.865110521,5.092689339,5.288789896
197257,3.772765799,3.964675826,4.566433492
290,6.23878652,4.079593573,5.578986404
79837,8.784747153,8.692207506,9.721604309
10999,5.413751754,5.946041847,6.277477435
57171,6.68401573,7.395354442,6.819447402
54578,4.324424377,3.495674042,4.047821325
10229,6.542037377,6.579910197,6.537672143
64772,8.406983804,8.627415256,8.610889399
10632,11.12033906,9.604441427,10.5598546
10449,5.73214507,5.858479657,5.636623431
6240,9.190407248,9.216162498,9.213538981
762,4.498926509,4.639307667,5.552603826
2879,9.843788301,9.223090847,10.74996988
4597,4.808823681,5.226564963,5.350010343
359,6.274432124,6.367863187,6.246874389
2819,5.150416697,5.353310515,6.555071245
2875,5.163284493,5.328479069,5.218712763
124935,6.486074336,5.787374612,6.820734754
124975,5.286093939,5.075947916,5.30158825
8435,4.222609495,4.291601301,4.585568853
4723,8.8443367,8.811836141,9.211948157
7001,10.44323875,11.20733772,11.39380999
10476,7.782064992,7.362386899,8.188589715
7083,6.967717775,6.284433245,7.577344672
1581,2.965489154,2.906381309,2.597178813
1632,7.825545392,7.708500039,7.196403927
2495,11.8045397,11.51946761,11.9457195
6520,7.747532603,7.782175305,8.160397407
956,6.564146023,5.316490653,5.451132212
5049,10.92357469,10.4567271,10.12934307
132158,5.31964856,5.736304859,5.286853578
4247,8.275311921,6.959699386,5.746430982
5162,10.71296178,10.34181492,10.00414346
8309,5.927598751,5.963174553,5.666269544
123099,4.635677061,4.758955247,5.065520926
1841,7.462882144,7.3984598,8.666717562
6575,5.018588505,5.993945593,4.700613321
4725,11.63358916,11.58617635,12.01354556
10768,10.05820818,9.542235712,8.445264316
766,5.790213154,5.769633311,6.594197292
4144,10.04005777,10.91306161,10.58259503
3635,6.355815416,5.708497659,6.295083094
521,10.87732193,10.95937066,12.16946533
293,11.64440467,11.00367012,11.60845034
126129,5.946748342,5.22125273,6.052019275
11238,5.089492324,5.21843081,5.145643425
8706,8.220298231,7.323102286,7.47969071
55276,10.3227749,10.40631684,10.19611514
9197,9.656827825,9.074450469,8.671207602
4881,8.389345312,7.287406745,5.999577478
10555,7.566146788,7.335129394,8.631781747
2194,6.065897972,6.107582742,8.15975632
51181,7.009770087,6.472919488,7.711282506
7360,10.61437585,9.509722093,8.649067429
686,5.777808997,5.415644606,5.527223214
55454,10.77970718,10.05641666,10.32626816
2990,10.55439652,9.515516122,9.867650895
140838,7.907433408,7.298648946,6.600306435
2720,9.009895958,7.714278308,8.784651017
10678,10.16965126,8.005752854,8.454802083
7779,11.37330832,9.272639035,9.262372323
9963,4.029671153,4.531241503,4.370332819
53343,10.05403766,9.118710328,7.973027759
170712,2.953908847,3.269392352,3.206332726
79071,8.417615326,6.603932921,7.783430641
5209,8.068005877,9.900053641,10.00242307
98,6.049397119,6.431803917,5.513935615
195814,2.674181211,2.842242629,3.24364597
1056,4.390948306,4.663185805,5.319989583
5319,3.877707053,3.602066101,4.192257883
4696,9.374802402,8.586191331,9.877493478
5232,3.621392691,4.254137702,4.03025187
3037,7.166318644,6.122387893,8.655758646
90161,5.714251636,7.466274433,5.799142144
2525,5.129963556,5.392030367,5.285220295
64080,6.680603487,6.550704093,5.611902174
2548,7.789208043,6.824092174,7.99042296
124583,9.94506533,9.512802972,9.746929007
50515,8.036577184,5.56588606,8.049731315
27115,7.57192461,8.025540498,6.375829581
2110,5.669576288,5.408516135,4.369782244
2243,4.295480955,4.131498851,4.216210341
51523,9.634264937,10.65463528,11.02757678
5293,7.643564501,6.529525815,7.756874166
5053,3.52845425,2.921137712,3.204646183
2628,7.258987737,7.475455383,4.726043862
1503,7.347625797,8.68487536,8.219903305
6241,9.407172872,5.024878885,10.07253463
5728,12.39996353,12.00069904,11.32654404
361,2.88550799,2.906992316,3.599870657
92483,3.621392691,3.825958029,3.471355498
10201,5.278119362,4.874932193,4.394222821
1798,6.743502849,5.384631028,5.308094282
682,6.759585006,6.749799483,7.108166648
55304,4.63622319,4.443104879,3.892963804
669,7.084616683,5.692333393,5.265019345
8801,9.673819953,9.779619503,5.820275813
10690,3.555722711,3.402190478,3.416812905
189,5.375726061,4.75000709,5.929244633
134526,2.756108003,2.750493723,2.7412648
57571,5.105840376,4.343732891,4.84691504
5139,8.068579987,6.886970389,8.614868776
9420,5.787258499,5.421606591,4.778119227
8824,7.713817609,8.658260356,7.307169752
55191,7.9939158,7.254619369,7.501261077
1717,6.703308849,7.069155937,6.919735833
9390,4.698688492,3.72029344,5.270930636
130,4.074092201,4.333518936,4.228066222
27235,6.905429403,6.723658895,6.611799743
111,4.593658504,5.571571574,4.789048256
225,2.678033737,2.688992051,2.991758467
2745,8.20261077,6.979032855,8.511075259
29925,7.645722519,6.999165855,8.459846956
5091,5.96266068,5.417133429,6.509611921
64802,3.978392461,4.234319937,4.070356899
6573,6.934598592,5.6043287,8.005125408
162466,3.424653442,3.492102472,4.232383237
54872,7.031884036,7.442475186,7.186081126
112,5.31215902,5.565339886,5.567387344
340024,6.438057595,7.090526762,6.744248391
115019,3.659601236,3.606654879,4.496560389
6578,6.855513375,7.346549734,6.276896966
3177,4.82052539,4.531241503,5.462734855
11041,9.069832242,9.960896166,7.568231054
126328,10.91166254,11.10230343,11.62769195
81490,6.47063819,6.905244003,7.10461211
2523,5.449685417,5.220083102,5.88761742
6580,3.772930508,3.836299478,5.115684665
9435,6.47229567,5.734672148,7.092683574
28,4.371966952,4.343702844,4.089478641
5095,6.125546754,5.817822815,5.024151719
8534,4.738886409,4.77884271,4.95884035
4023,7.19803781,6.626255502,8.474307071
5406,3.938061092,3.84243401,3.842238436
7352,4.669579389,5.021331605,5.38388389
7351,11.26979347,8.729503493,10.28909876
146712,5.609331209,4.785469492,6.350796955
126792,10.44852645,10.15018275,10.15485109
9807,7.563718264,7.923127119,6.825917067
2877,6.429114501,6.425511205,6.303733906
8877,7.48085966,5.824054449,9.370737789
1351,9.378957041,9.355922645,10.04148063
79369,5.553961219,5.222569603,6.244881111
3291,5.024567777,6.003362352,5.901313034
28232,8.792563236,6.90623211,7.311380666
84002,8.373661325,8.684915507,8.967598163
7298,9.855836607,7.101067798,10.01089776
51301,3.466983321,3.893597535,3.344851881
6470,7.937452346,8.812239211,8.650856272
4524,6.360025429,7.258899348,5.962462291
6888,10.48456514,10.18911885,10.33845493
374907,4.213199092,4.34793712,4.994778427
11253,8.290668106,7.721762912,9.190283706
122970,4.43222477,4.397414246,4.384598595
79751,6.045015126,5.588245468,6.289479346
28976,8.791938664,8.273241617,8.30228663
3615,11.00381536,9.504363812,10.75969939
63917,11.16118576,9.971338675,10.27890093
2731,7.838231401,4.269184357,4.605929806
788,6.609007664,6.16282171,6.087818866
767,3.722434281,4.081146504,4.643922102
9377,10.72478358,10.55078028,10.71949378
4351,5.878776441,5.916537501,5.530896614
26873,6.237454987,4.765583622,5.411971413
5198,6.282939436,4.746855154,6.382803498
54344,8.513511696,9.315575307,9.084562337
1537,9.64579301,8.817433559,8.167808229
1585,5.195611292,5.211773069,4.747990745
2517,8.906809469,7.684819864,9.085455267
242,3.791653339,3.729824811,4.497524493
246213,2.979390139,3.090877546,2.835483988
247,6.250492483,5.550486737,6.925378475
51268,5.4767914,5.961641781,4.94328425
10331,6.042112318,5.174836989,5.326253518
22928,10.56591588,10.16213932,9.296590734
79077,9.738947692,8.630575605,10.22356233
284273,8.617340244,6.85366572,5.894955556
7054,3.501107288,3.50134966,5.392222071
2147,5.693273945,6.147786587,6.762389647
1582,3.980419447,3.25843209,3.491645126
166012,4.528800497,3.932137724,5.126347656
120103,6.732447671,6.92723384,7.173902954
284129,9.912267097,9.780384998,10.05896999
79813,6.160264646,6.562810632,4.492860957
6448,9.216522057,8.928437935,8.378127796
55343,6.562048736,6.69444366,6.684320565
6517,3.417877548,3.756144854,3.930478499
84890,9.340577616,8.144625163,8.325444869
3418,8.439769909,6.471416923,8.68127795
339221,5.780095806,5.60012555,6.174471332
2131,8.913715875,7.110580522,9.869944207
6472,10.1944874,8.91353549,11.1105447
8513,4.03230866,3.756854863,4.076631518
9951,4.53233654,4.805012658,4.70213343
23236,9.839903879,8.426879935,5.509939531
79087,5.240762654,4.886249734,6.239169562
50614,4.727921442,4.872784778,5.301436246
2747,2.702128521,3.431270381,2.838415778
83733,4.561074515,5.39118981,5.18525219
5831,7.961002839,6.440225947,7.852309675
6546,7.011804321,10.25790745,5.794676799
89874,2.609515418,2.818322693,2.329610591
18,7.354410353,6.400935792,7.511693412
1468,4.98587787,4.787589699,5.223691085
125061,5.0142583,5.782327691,5.867222195
4166,4.599530976,4.547686105,5.469993902
4707,10.25853706,11.17474663,11.45494909
7378,5.845573602,4.793043898,6.60407815
10317,4.131044578,5.226564963,5.070941869
387893,6.388793516,5.942767806,6.856075207
256435,5.103143587,6.33352996,4.123150067
29796,10.39581976,9.178022221,9.744281306
283871,6.741245397,5.554901967,7.582829484
220,10.41227297,6.079395051,9.591146553
8398,6.942002042,6.819087479,7.314214303
10587,5.929235079,5.700671931,5.938576665
5142,6.966406916,7.708028754,6.760031451
55967,11.82799537,11.21888183,11.41098333
4700,11.14637944,10.952156,11.06463478
93034,4.112749981,4.587418823,3.65664504
377677,7.402974614,7.028726726,5.491731028
57419,9.413092963,11.25194334,7.151722561
122622,6.04223314,4.663185805,5.051147055
27124,5.388939082,5.660918053,6.162632905
23545,6.906255171,7.586220966,6.005791816
266722,3.74668004,5.907031972,3.884536382
5148,5.091033594,4.383763772,6.379154227
5034,11.68898535,9.505488709,11.21123514
79581,8.782644188,7.606742135,9.278426786
51227,9.123505893,9.272820683,7.765676144
5833,5.184022953,5.046439772,5.083085892
79896,6.663653179,5.225645201,5.546065399
496,3.623789305,4.103118024,3.966486307
23396,7.565075333,8.686893287,7.705119856
8529,4.077821605,3.755337984,4.123158944
66002,5.514671987,6.905615929,5.353939453
11283,3.771932886,3.355191355,3.753634067
4051,2.96323348,3.382451,3.077824561
5138,5.375104697,6.929393355,6.55681256
8372,4.96989075,4.269886003,4.809433567
5407,4.789677919,5.140309933,4.673415056
5333,8.331888209,7.80728029,7.873911713
957,6.895340944,6.478758632,5.720698579
1645,3.65065468,4.183068073,4.665329182
2650,6.306916541,5.289277038,6.123522915
3767,4.43222477,4.178401112,5.158513365
341947,2.97709258,2.822953611,3.025140496
6572,3.845448255,4.206991203,4.749857757
124,3.419518975,3.270527228,3.588916158
5320,5.418921419,5.533115504,5.507468655
10991,5.034581453,4.823503302,4.65978193
1806,9.605183211,10.06954036,7.824090282
169355,3.357428003,3.325054974,3.706282602
7390,7.01044894,5.427110339,6.706174921
30814,5.354599397,4.725456607,5.394608044
4697,11.26171885,11.27930671,10.94430888
4128,6.279030617,8.335466002,6.385896375
36,6.87994932,8.788029005,5.45117939
131,3.900892914,4.282323727,4.073583939
438,3.816827213,4.394162596,3.986528978
2712,4.063713471,4.067713384,4.326070656
6817,5.160163177,6.289277575,5.071707366
27010,6.374580371,6.781188806,4.993817422
6536,4.079183524,4.735103869,4.88280648
4122,8.069147691,7.8796048,7.120357108
125,4.509197349,6.682203152,4.531627404
7366,4.86070274,4.683168007,4.968630304
100,6.658380019,6.254265308,7.172118417
80055,8.416827987,8.076155941,6.070469465
51703,8.241088219,5.601321819,6.610310652
6799,7.506951569,7.4257437,7.254909377
6583,5.18047642,5.178003436,4.89726394
9583,9.08184488,9.960793866,8.715054554
5265,6.666104549,5.539581221,6.606176173
91373,4.132528557,4.234472615,3.988669053
6584,5.493974621,5.930668746,5.281957542
81031,9.728764457,7.775540554,8.395516771
64078,4.816102349,4.789598653,5.386837347
23556,6.599584027,5.326521996,5.98383034
955,8.825766818,8.531799706,9.000704126
5167,10.56710761,9.255390678,9.785091052
6120,9.276629051,8.358308838,7.947834221
114112,6.760873599,5.844313056,6.591467098
23315,5.585874545,6.206239255,5.710425094
1553,4.485109567,4.520701803,4.671837204
8733,9.260371349,8.237695428,8.400249379
7367,3.177442535,3.249740285,3.811886552
128,11.18398295,10.58929287,10.65162892
5336,7.33707365,7.404678104,7.526346669
54898,4.58042359,4.622045817,4.430703887
127,5.792548679,6.918017505,5.824092266
337876,6.500765094,4.076571775,6.653190483
26275,8.745752401,9.342688806,7.847002621
10905,9.684076737,10.32463049,9.16767244
55315,7.73709303,6.613774675,7.464076121
54963,7.676585179,8.071928707,7.711984866
2673,9.74392862,8.262778866,8.034703153
10724,10.63150114,9.486080631,7.961841746
7296,10.26592806,9.978932554,9.185645791
192134,4.517815729,4.847236819,5.897778362
142680,7.419733939,7.208787343,7.787072238
1109,2.99261079,3.130639921,3.375515439
6898,4.076341633,4.397414246,4.258335835
9060,10.69090643,7.642675456,11.07862637
10455,8.214735689,7.143083279,6.366845275
6526,9.707561346,9.40648301,8.941403869
4540,12.34116857,12.34014802,11.90745722
4860,7.517131658,6.805247032,6.80284202
2710,5.693968285,5.576951484,5.373736565
353,8.806459313,7.630348149,8.395816018
4668,7.766413283,7.2500006,7.866695867
259230,7.820149842,7.331002937,4.741916699
8528,4.99130665,5.011300538,5.420720544
3283,3.933925342,4.107750904,3.943914304
3284,4.587579592,4.462742003,4.208842995
3633,7.2179241,8.271709861,7.535173529
129807,6.281372007,5.665019878,6.120481194
7923,6.995129606,6.645088949,7.160150053
10554,8.148332755,7.849501473,7.686084927
6392,10.55100625,10.41080717,9.005621711
10919,5.964836499,6.658220873,6.936292982
4758,7.029785514,5.50573787,6.429985563
84912,7.789865396,7.793612427,6.97868663
5150,8.580571746,7.108024247,6.974543229
56953,5.658725418,5.274738271,5.926494522
57194,8.516345315,6.991247029,8.47879237
2878,9.837060664,9.431082866,7.046523542
4056,4.866116496,4.470908696,5.459086802
3931,5.129883246,5.718455797,5.3126544
3073,8.974185929,7.932883315,8.985697483
4722,8.436587372,7.447422618,7.97036902
534,4.984220949,4.718365106,4.837769689
2592,6.517712397,7.527201266,6.96759395
2595,6.183541913,6.275013505,5.624784588
10195,7.730479372,6.505058214,7.387105193
9374,6.424404871,7.587965065,6.405539042
65010,4.887884495,4.489336561,4.986299914
1719,7.989862851,6.897296675,7.701395326
221823,3.557691761,3.519672696,3.61492284
8705,7.100935214,7.170637565,6.920591763
358,8.350015708,9.167497562,7.75116862
257068,4.402852092,5.045181956,5.031036469
9551,11.0125943,9.633475909,10.58708267
11185,6.10110374,6.891945854,4.9577649
23761,7.581941076,6.974958025,7.188603721
23600,3.39243189,3.227844156,3.352614139
26063,7.940060626,7.982675532,8.028512502
1650,9.981064404,8.325390153,8.709423618
126,3.578121471,3.699010623,4.282507085
222537,4.62227966,4.557604794,4.70529732
90423,5.604454857,5.809331753,6.490394301
58510,6.108197761,6.486132443,6.791989553
8790,6.836426785,5.393204201,4.490679626
1548,5.073073769,5.667108067,4.972945432
3145,7.741435628,6.663029451,7.730074764
160728,4.83573503,5.045601254,5.197968966
8972,3.253341961,3.38855339,3.194834054
11254,2.951388138,3.041096546,3.04424439
8396,7.335139381,7.217914913,7.613758157
284098,5.323485172,5.283460885,4.856555077
6716,4.64312067,4.933871809,4.772665028
31,7.161561704,6.889968033,7.295434617